model,rmse,mae,R_squared
EGARCH,0.0978418702203505,0.05716519293720405,0.2744342762495222
