model,rmse,mae,R_squared
GARCH,0.10800789378160189,0.06202147697261587,0.11582493826411577
