model,rmse,mae,r2
GARCH,0.10784011591769219,0.06215112067821588,0.11246848746709115
