model,rmse,mae,R²
GARCH,0.1078401159176921,0.0621511206782158,0.1124684874670911
XGBoost,0.1001362776068352,0.0561760130198921,0.2347453514922313
