model,rmse,mae,r2
XGBoost,0.1001362776068352,0.05617601301989218,0.2347453514922313
